{"cameraMode":{"drawMode":0,"name":"Shaded","section":"Shading Mode"},"sceneLighting":true,"audioPlay":false,"sceneViewState":{"m_AlwaysRefresh":false,"showFog":true,"showSkybox":true,"showFlares":true,"showImageEffects":true,"showParticleSystems":true,"showVisualEffectGraphs":true,"m_FxEnabled":true},"in2DMode":false,"pivot":{"x":-1.8667564392089844,"y":0.2147693634033203,"z":4.963809967041016},"rotation":{"x":0.5086964964866638,"y":-0.18123188614845277,"z":0.11050025373697281,"w":0.8343801498413086},"size":16.69756507873535,"orthographic":false}